Experiment,gamma,gamma_deviation
Baseline_LogReg,0.04684027434953532,0.001461400715469567
Baseline_SVM,0.030615743422970576,0.0034614357133450355
Feldman_LogReg,0.05692696162980745,0.0017962399662794961
Feldman_SVM,0.0366843098530661,0.004038157315181845
Fairlearn_LR_05,0.06857499353327731,0.0022375726996225393
Fairlearn_LR_01,0.06967200800976679,0.001759431866077985
