Experiment,gamma,gamma_deviation,delta
Baseline_LogReg,0.047527822200340776,0.002654286648306123,0.1896627579310418
Baseline_SVM,0.033610476696019354,0.002810835300648741,0.273055558414463
Feldman_LogReg,0.05777364634101034,0.0010704988600405416,0.16731678117598342
Feldman_SVM,0.036946596074215986,0.0021168797172872074,0.12255573814157672
Fairlearn_LR_05,0.07014376774357929,0.0024021786886256895,0.21740513047521995
Fairlearn_LR_1,0.0703427380041515,0.0024443231990749483,0.19615507943295502
