Experiment,gamma,gamma_deviation,tpp,tnp,delta
Baseline_LogReg,0.04818311434356236,0.0026637686595319,0.1827782290820471,0.644559730790802,-0.14008979094776872
Baseline_SVM,0.03119683154950218,0.00474715281152577,0.111268603827073,0.6767995411528535,-0.9671225572933813
Feldman_LogReg,0.05863084475862429,0.0022539848584450387,0.21832358674463936,0.6266703402672544,0.519013258754444
Feldman_SVM,0.03793063661041606,0.0035088547226094125,0.11633466135458168,0.6724015356178018,-0.1445553978648088
Fairlearn_LR_05,0.06899618086779138,0.002503046599676671,0.17477477477477477,0.6361468133032994,0.8011961947297342
Fairlearn_LR_1,0.06940296952558145,0.0027471199510726444,0.17297297297297298,0.6362311158229526,0.7322955967272786
