Experiment,gamma,gamma_deviation
1,0.023761139792332894,0.004311541791694305
2,0.023599038517495927,0.003839730773333264
3,0.027382173302023256,0.019382846906562428
