,priors_count,delta,charge_degree,juv_fel_count,juv_misd_count
0,10.153846153846153,0.0,0.07692307692307693,3.3846153846153846,0.8461538461538461
