Experiment,gamma,gamma_deviation
1,-0.00010968471530793875,0.0006055357190582107
2,-3.76332194152075e-05,0.0001958789193519615
3,-4.670251017036831e-05,0.00014451457493548588
