nu,delta,estimated_delta,delta_deviation,bias,step
0.18181818181818182,0.18283223550154018,0.12023706241591314,0.2822391129649049,-0.06259517308562704,0.1
0.33333333333333337,0.38762664814755327,0.2561561722030569,0.23981289624104773,-0.13147047594449635,0.1
0.4615384615384615,0.6012007484456121,0.5669680339415479,0.11452825938018428,-0.03423271450406418,0.1
0.5714285714285715,0.8294594004265927,0.8164648238766856,0.13652307215391105,-0.0129945765499071,0.1
0.6666666666666666,1.0807738287074984,1.0944645776232775,0.14089819257001476,0.01369074891577915,0.1
0.7499999999999999,1.368455901159279,1.3816745712158114,0.16008180722811255,0.013218670056532433,0.1
0.8235294117647058,1.7167625954274952,1.7090723640123933,0.15447523934348778,-0.007690231415101945,0.1
0.888888888888889,2.179386117375609,2.262887237925379,0.34626484025709703,0.08350112054977021,0.1
0.9473684210526316,2.9266005192058304,2.884246445337879,0.3781598987702577,-0.042354073867951314,0.1
