nu,delta,estimated_delta,delta_deviation,bias,step
0.18181818181818182,0.19995908913339008,0.154412789437276,0.45588054911334225,-0.045546299696114095,0.15
0.33333333333333337,0.40475350177940334,0.4407989060723293,0.16803312635370743,0.036045404292925964,0.15
0.4615384615384615,0.6183276020774621,0.8334895222499391,0.3003746814118413,0.21516192017247704,0.15
0.5714285714285715,0.8465862540584427,0.7535703851207076,0.1957662080351922,-0.09301586893773506,0.15
0.6666666666666666,1.0979006823393485,1.1369698687982903,0.22255834641328137,0.03906918645894186,0.15
0.7499999999999999,1.385582754791129,1.5334757932148169,0.5924598330357497,0.14789303842368784,0.15
0.8235294117647058,1.733889449059345,1.725357896657071,0.4042149005567082,-0.00853155240227399,0.15
0.888888888888889,2.1965129710074587,2.2696442021328815,0.2240757284469845,0.07313123112542286,0.15
0.9473684210526316,2.9437273728376803,2.9175296259959165,1.2392920874571183,-0.02619774684176379,0.15
