nu,delta,estimated_delta,delta_deviation,bias,step
0.18181818181818182,0.19223956047525853,0.10100244084043279,0.07138557147744438,-0.09123711963482574,0.1
0.33333333333333337,0.3970339731212718,0.3234896442656279,0.0576800416208174,-0.07354432885564394,0.1
0.4615384615384615,0.6106080734193307,0.5488559168146884,0.06324512078233706,-0.06175215660464228,0.1
0.5714285714285715,0.8388667254003112,0.8281695531964578,0.10425930060023558,-0.010697172203853356,0.1
0.6666666666666666,1.0901811536812167,1.0916172233504322,0.0962741883892012,0.0014360696692155006,0.1
0.7499999999999999,1.3778632261329975,1.3608622349955253,0.08528629490098938,-0.01700099113747222,0.1
0.8235294117647058,1.7261699204012135,1.8260058889206188,0.18018106292398017,0.09983596851940524,0.1
0.888888888888889,2.1887934423493274,2.1973317957888012,0.18241985258046625,0.008538353439473845,0.1
0.9473684210526316,2.936007844179549,3.042108524358448,0.3552490590565487,0.10610068017889906,0.1
