nu,delta,estimated_delta,delta_deviation,bias,step
0.18181818181818182,0.20747025749970266,-0.07127681619150097,0.47242740069118194,-0.27874707369120366,0.05
0.33333333333333337,0.4122646701457158,0.6125144699574622,0.6609662474202295,0.2002497998117464,0.05
0.4615384615384615,0.6258387704437747,0.24437136815221225,0.5657839551707314,-0.3814674022915624,0.05
0.5714285714285715,0.8540974224247552,0.4981534368573805,0.4568397474933575,-0.35594398556737467,0.05
0.6666666666666666,1.1054118507056612,1.2903589652436955,0.6779405342626799,0.18494711453803436,0.05
0.7499999999999999,1.3930939231574417,1.1332049861135522,0.7191820514488045,-0.2598889370438895,0.05
0.8235294117647058,1.7414006174256573,1.6265223373478044,0.4037695748998814,-0.11487828007785295,0.05
0.888888888888889,2.204024139373771,1.8853646379161186,0.724192860408369,-0.31865950145765254,0.05
0.9473684210526316,2.951238541203993,2.4099714916761625,0.6563176126999839,-0.5412670495278307,0.05
