,unfairness_all,unfairness_x1
0.0,0.0,0.0
0.1,0.09052388289676425,0.10215710215710215
0.2,0.19823008849557522,0.201390308730321
0.3,0.29987924325774856,0.30709939148073023
0.4,0.4081818181818182,0.40770465489566615
0.5,0.5043703463904176,0.5032942310782581
0.6,0.5961447091563158,0.6018808777429467
0.7,0.7043737923766028,0.7010350776308223
0.8,0.803483220451189,0.8021763113027781
0.9,0.8995221781464118,0.9002911534154535
