nu,delta,estimated_delta,gamma_deviation,bias,step
0.4615384615384615,0.6124561476715246,0.36350090900913223,0.0,-0.24895523866239233,0.001
0.5714285714285715,0.8407147996525051,0.49290539353242,0.0,-0.34780940612008504,0.001
0.6666666666666666,1.0920292279334107,0.0,0.0,-1.0920292279334107,0.001
