nu,gamma,estimated_gamma,accuracy,estimated_gamma_nocv,accuracy_nocv,gamma_deviation,bias,bias_nocv,size
0.5714285714285715,0.03,0.02892866346893843,0.5543103984041836,0.029866950621801346,0.5580635470156353,0.003946260568882036,-0.0010713365310615688,-0.00013304937819865262,cv
