gamma,unfairness_all,unfairness_x1
0.0,0.0,0.0
0.1,0.09489916963226572,0.09637625289128758
0.2,0.20414610069101677,0.1953125
0.3,0.2969831526707588,0.29633113828786456
0.4,0.4058059277304101,0.40253725332259366
0.5,0.5029479200786112,0.5050234970021066
0.6,0.6007625272331155,0.6014366272824919
0.7,0.7015265836111598,0.7040945062507168
0.8,0.8028895241984889,0.8025963529827752
0.9,0.9012523650779349,0.9013440860215054
